prompt,context,output
"Extract the target person's education history as JSON.
Target person: Abeba Birhane
Return a JSON array of degrees with fields: level, field, university, year, country. Only include information about the target person.",High-level Advisory Body on Artificial Intelligence,"{""level"": ""BSc / BA"", ""field"": ""(BSc and BA)"", ""university"": ""Bahir Dar University"", ""year"": ""—"", ""country"": ""Ethiopia""}"
"Extract the target person's education history as JSON.
Target person: Abeba Birhane
Return a JSON array of degrees with fields: level, field, university, year, country. Only include information about the target person.",High-level Advisory Body on Artificial Intelligence,"{""level"": ""MSc"", ""field"": ""Cognitive Science"", ""university"": ""University College Dublin"", ""year"": ""2015"", ""country"": ""Ireland""}"
"Extract the target person's education history as JSON.
Target person: Abeba Birhane
Return a JSON array of degrees with fields: level, field, university, year, country. Only include information about the target person.",High-level Advisory Body on Artificial Intelligence,"{""level"": ""PhD"", ""field"": ""Cognitive Science / Computer Science"", ""university"": ""University College Dublin"", ""year"": ""2021"", ""country"": ""Ireland""}"
"Extract the target person's education history as JSON.
Target person: Adji Bousso Dieng
Return a JSON array of degrees with fields: level, field, university, year, country. Only include information about the target person.",IISP,"{""level"": ""Diplôme d'ingénieur"", ""field"": ""Engineering"", ""university"": ""Télécom ParisTech"", ""year"": ""2013"", ""country"": ""France""}"
"Extract the target person's education history as JSON.
Target person: Adji Bousso Dieng
Return a JSON array of degrees with fields: level, field, university, year, country. Only include information about the target person.",IISP,"{""level"": ""M.S."", ""field"": ""Applied Statistics"", ""university"": ""Cornell University"", ""year"": ""2013"", ""country"": ""USA""}"
"Extract the target person's education history as JSON.
Target person: Adji Bousso Dieng
Return a JSON array of degrees with fields: level, field, university, year, country. Only include information about the target person.",IISP,"{""level"": ""Ph.D."", ""field"": ""Statistics"", ""university"": ""Columbia University"", ""year"": ""2020"", ""country"": ""USA""}"
"Extract the target person's education history as JSON.
Target person: Aleksandra Korolova
Return a JSON array of degrees with fields: level, field, university, year, country. Only include information about the target person.",IISP,"{""level"": ""B.S."", ""field"": ""Computer Science"", ""university"": ""MIT"", ""year"": ""Not stated in any source (gap)"", ""country"": ""USA""}"
"Extract the target person's education history as JSON.
Target person: Aleksandra Korolova
Return a JSON array of degrees with fields: level, field, university, year, country. Only include information about the target person.",IISP,"{""level"": ""Ph.D."", ""field"": ""Computer Science"", ""university"": ""Stanford University"", ""year"": ""Discrepancy: biography.md lists 2011; raw sources say 2012"", ""country"": ""USA""}"
"Extract the target person's education history as JSON.
Target person: Alondra Nelson
Return a JSON array of degrees with fields: level, field, university, year, country. Only include information about the target person.",High-level Advisory Body on Artificial Intelligence,"{""level"": ""BA"", ""field"": ""Anthropology"", ""university"": ""University of California, San Diego"", ""year"": ""1994"", ""country"": ""USA""}"
"Extract the target person's education history as JSON.
Target person: Alondra Nelson
Return a JSON array of degrees with fields: level, field, university, year, country. Only include information about the target person.",High-level Advisory Body on Artificial Intelligence,"{""level"": ""MPhil / PhD"", ""field"": ""American Studies"", ""university"": ""New York University"", ""year"": ""2003 (PhD)"", ""country"": ""USA""}"
"Extract the target person's education history as JSON.
Target person: Alvitta Ottley
Return a JSON array of degrees with fields: level, field, university, year, country. Only include information about the target person.",IISP,"{""level"": ""B.S."", ""field"": ""Computer Science"", ""university"": ""SUNY Plattsburgh"", ""year"": ""2010"", ""country"": ""USA""}"
"Extract the target person's education history as JSON.
Target person: Alvitta Ottley
Return a JSON array of degrees with fields: level, field, university, year, country. Only include information about the target person.",IISP,"{""level"": ""M.S."", ""field"": ""Computer Science"", ""university"": ""Tufts University"", ""year"": ""2013"", ""country"": ""USA""}"
"Extract the target person's education history as JSON.
Target person: Alvitta Ottley
Return a JSON array of degrees with fields: level, field, university, year, country. Only include information about the target person.",IISP,"{""level"": ""Ph.D."", ""field"": ""Computer Science"", ""university"": ""Tufts University"", ""year"": ""2016"", ""country"": ""USA""}"
"Extract the target person's education history as JSON.
Target person: Amandeep Singh Gill
Return a JSON array of degrees with fields: level, field, university, year, country. Only include information about the target person.",High-level Advisory Body on Artificial Intelligence,"{""level"": ""B.Tech"", ""field"": ""Electronics and Electrical Communications"", ""university"": ""Punjab Engineering College, Chandigarh"", ""year"": ""—"", ""country"": ""India""}"
"Extract the target person's education history as JSON.
Target person: Amandeep Singh Gill
Return a JSON array of degrees with fields: level, field, university, year, country. Only include information about the target person.",High-level Advisory Body on Artificial Intelligence,"{""level"": ""PhD"", ""field"": ""Nuclear Learning in Multilateral Forums"", ""university"": ""King's College London"", ""year"": ""—"", ""country"": ""United Kingdom""}"
"Extract the target person's education history as JSON.
Target person: Andreas Krause
Return a JSON array of degrees with fields: level, field, university, year, country. Only include information about the target person.",High-level Advisory Body on Artificial Intelligence,"{""level"": ""Diplom (M.Sc. equiv.)"", ""field"": ""Mathematics and Computer Science"", ""university"": ""Technical University of Munich"", ""year"": ""2004"", ""country"": ""Germany""}"
"Extract the target person's education history as JSON.
Target person: Andreas Krause
Return a JSON array of degrees with fields: level, field, university, year, country. Only include information about the target person.",High-level Advisory Body on Artificial Intelligence,"{""level"": ""Ph.D."", ""field"": ""Computer Science"", ""university"": ""Carnegie Mellon University"", ""year"": ""2008"", ""country"": ""USA""}"
"Extract the target person's education history as JSON.
Target person: Andrei Neznamov
Return a JSON array of degrees with fields: level, field, university, year, country. Only include information about the target person.",IISP,"{""level"": ""Specialist degree (\""Юрист\""/Lawyer), with honors"", ""field"": ""Law"", ""university"": ""Ural State Law Academy"", ""year"": ""2007"", ""country"": ""Russia""}"
"Extract the target person's education history as JSON.
Target person: Andrei Neznamov
Return a JSON array of degrees with fields: level, field, university, year, country. Only include information about the target person.",IISP,"{""level"": ""Kandidat Nauk (Candidate of Legal Sciences, ≈PhD)"", ""field"": ""Law — Civil Procedure/Arbitration Procedure (12.00.15)"", ""university"": ""Defended in Yekaterinburg, Russia"", ""year"": ""2010"", ""country"": ""Russia""}"
"Extract the target person's education history as JSON.
Target person: Anna Abramova
Return a JSON array of degrees with fields: level, field, university, year, country. Only include information about the target person.",IISP,"{""level"": ""Ph.D. (credential only — no institution, field, or year specified for the degree itself)"", ""field"": ""Unknown — \""Department of Economics\"" is listed as her *current* department, not confirmed as her degree field"", ""university"": ""Unknown — MGIMO is her employer; not confirmed as PhD-granting institution"", ""year"": ""Not stated"", ""country"": ""Russia (if MGIMO)""}"
"Extract the target person's education history as JSON.
Target person: Anna Christmann
Return a JSON array of degrees with fields: level, field, university, year, country. Only include information about the target person.",High-level Advisory Body on Artificial Intelligence,"{""level"": ""Magister"", ""field"": ""Political Science, Economics and Mathematics"", ""university"": ""University of Heidelberg"", ""year"": ""2008"", ""country"": ""Germany""}"
"Extract the target person's education history as JSON.
Target person: Anna Christmann
Return a JSON array of degrees with fields: level, field, university, year, country. Only include information about the target person.",High-level Advisory Body on Artificial Intelligence,"{""level"": ""PhD (Dr.)"", ""field"": ""Political Science (dissertation \""Die Grenzen direkter Demokratie\"")"", ""university"": ""University of Bern"", ""year"": ""2011"", ""country"": ""Switzerland""}"
"Extract the target person's education history as JSON.
Target person: Anna Korhonen
Return a JSON array of degrees with fields: level, field, university, year, country. Only include information about the target person.",IISP,"{""level"": ""Undergraduate"", ""field"": ""Linguistics"", ""university"": ""University of Helsinki"", ""year"": ""Not stated (gap)"", ""country"": ""Finland""}"
"Extract the target person's education history as JSON.
Target person: Anna Korhonen
Return a JSON array of degrees with fields: level, field, university, year, country. Only include information about the target person.",IISP,"{""level"": ""Master's"", ""field"": ""Linguistics"", ""university"": ""University of Reading"", ""year"": ""Not stated (gap)"", ""country"": ""UK""}"
"Extract the target person's education history as JSON.
Target person: Anna Korhonen
Return a JSON array of degrees with fields: level, field, university, year, country. Only include information about the target person.",IISP,"{""level"": ""Ph.D."", ""field"": ""Computer Science"", ""university"": ""University of Cambridge"", ""year"": ""2002"", ""country"": ""UK""}"
"Extract the target person's education history as JSON.
Target person: Anna Korhonen
Return a JSON array of degrees with fields: level, field, university, year, country. Only include information about the target person.",IISP,"{""level"": ""Master's"", ""field"": ""Computer Science and/or Linguistics — institution not clearly stated for this specific degree"", ""university"": ""Ambiguous (possibly Cambridge; not stated explicitly)"", ""year"": ""Not stated (gap)"", ""country"": ""Ambiguous""}"
"Extract the target person's education history as JSON.
Target person: Arisa Ema
Return a JSON array of degrees with fields: level, field, university, year, country. Only include information about the target person.",High-level Advisory Body on Artificial Intelligence,"{""level"": ""B.A."", ""field"": ""Science and Technology Studies"", ""university"": ""University of Tokyo"", ""year"": ""2007"", ""country"": ""Japan""}"
"Extract the target person's education history as JSON.
Target person: Arisa Ema
Return a JSON array of degrees with fields: level, field, university, year, country. Only include information about the target person.",High-level Advisory Body on Artificial Intelligence,"{""level"": ""M.A."", ""field"": ""Science and Technology Studies"", ""university"": ""University of Tokyo"", ""year"": ""2009"", ""country"": ""Japan""}"
"Extract the target person's education history as JSON.
Target person: Arisa Ema
Return a JSON array of degrees with fields: level, field, university, year, country. Only include information about the target person.",High-level Advisory Body on Artificial Intelligence,"{""level"": ""Ph.D."", ""field"": ""Science and Technology Studies"", ""university"": ""University of Tokyo"", ""year"": ""2012"", ""country"": ""Japan""}"
"Extract the target person's education history as JSON.
Target person: Awa Bousso Dramé
Return a JSON array of degrees with fields: level, field, university, year, country. Only include information about the target person.",IISP,"{""level"": ""Bachelor's (undergraduate)"", ""field"": ""Geography and GIS"", ""university"": ""Sorbonne Université, Paris"", ""year"": ""Not stated (started c. 2014, after baccalaureate)"", ""country"": ""France""}"
"Extract the target person's education history as JSON.
Target person: Awa Bousso Dramé
Return a JSON array of degrees with fields: level, field, university, year, country. Only include information about the target person.",IISP,"{""level"": ""Master's"", ""field"": ""Earth & Environmental Sciences (with a geospatial/AI focus)"", ""university"": ""Columbia University, New York"", ""year"": ""Not stated (gap)"", ""country"": ""USA""}"
"Extract the target person's education history as JSON.
Target person: Awa Bousso Dramé
Return a JSON array of degrees with fields: level, field, university, year, country. Only include information about the target person.",IISP,"{""level"": ""Ph.D."", ""field"": ""Environmental/Ocean Sciences and GeoAI (dissertation: \""Coastal response to human interventions and climate variability: the Senegal estuary shoreline\"")"", ""university"": ""University College London"", ""year"": ""2025"", ""country"": ""United Kingdom""}"
"Extract the target person's education history as JSON.
Target person: Balaraman Ravindran
Return a JSON array of degrees with fields: level, field, university, year, country. Only include information about the target person.",IISP,"{""level"": ""Undergraduate"", ""field"": ""Electronics and Communications Engineering"", ""university"": ""Thiyagarajar College of Engineering, Madurai"", ""year"": ""Not stated (approx. late 1980s per article context)"", ""country"": ""India""}"
"Extract the target person's education history as JSON.
Target person: Balaraman Ravindran
Return a JSON array of degrees with fields: level, field, university, year, country. Only include information about the target person.",IISP,"{""level"": ""Ph.D."", ""field"": ""Computer Science"", ""university"": ""University of Massachusetts, Amherst"", ""year"": ""2004"", ""country"": ""USA""}"
"Extract the target person's education history as JSON.
Target person: Bernhard Schölkopf
Return a JSON array of degrees with fields: level, field, university, year, country. Only include information about the target person.",IISP,"{""level"": ""M.Sc."", ""field"": ""Mathematics"", ""university"": ""University of London"", ""year"": ""Not stated (gap)"", ""country"": ""UK""}"
"Extract the target person's education history as JSON.
Target person: Bernhard Schölkopf
Return a JSON array of degrees with fields: level, field, university, year, country. Only include information about the target person.",IISP,"{""level"": ""Diplom"", ""field"": ""Physics"", ""university"": ""University of Tübingen"", ""year"": ""Not stated (gap)"", ""country"": ""Germany""}"
"Extract the target person's education history as JSON.
Target person: Bernhard Schölkopf
Return a JSON array of degrees with fields: level, field, university, year, country. Only include information about the target person.",IISP,"{""level"": ""Ph.D."", ""field"": ""Computer Science"", ""university"": ""TU Berlin"", ""year"": ""1997"", ""country"": ""Germany""}"
"Extract the target person's education history as JSON.
Target person: Bilal Mateen
Return a JSON array of degrees with fields: level, field, university, year, country. Only include information about the target person.",IISP,"{""level"": ""B.Sc."", ""field"": ""Neuroscience and Medical Sciences"", ""university"": ""University College London"", ""year"": ""Not stated (gap)"", ""country"": ""UK""}"
"Extract the target person's education history as JSON.
Target person: Bilal Mateen
Return a JSON array of degrees with fields: level, field, university, year, country. Only include information about the target person.",IISP,"{""level"": ""MBBS"", ""field"": ""Medicine"", ""university"": ""University College London"", ""year"": ""Not stated (gap)"", ""country"": ""UK""}"
"Extract the target person's education history as JSON.
Target person: Bilal Mateen
Return a JSON array of degrees with fields: level, field, university, year, country. Only include information about the target person.",IISP,"{""level"": ""MPH"", ""field"": ""Public Health"", ""university"": ""University of Edinburgh"", ""year"": ""Not stated (gap)"", ""country"": ""UK""}"
"Extract the target person's education history as JSON.
Target person: Bilal Mateen
Return a JSON array of degrees with fields: level, field, university, year, country. Only include information about the target person.",IISP,"{""level"": ""Ph.D."", ""field"": ""Mucosal Biology and Inflammation"", ""university"": ""King's College London"", ""year"": ""Not stated (gap)"", ""country"": ""UK""}"
"Extract the target person's education history as JSON.
Target person: Carlos Coello Coello
Return a JSON array of degrees with fields: level, field, university, year, country. Only include information about the target person.",IISP,"{""level"": ""BSc"", ""field"": ""Civil Engineering"", ""university"": ""Universidad Autónoma de Chiapas (UNACH)"", ""year"": ""1991 (studied 1985–1990)"", ""country"": ""Mexico""}"
"Extract the target person's education history as JSON.
Target person: Carlos Coello Coello
Return a JSON array of degrees with fields: level, field, university, year, country. Only include information about the target person.",IISP,"{""level"": ""M.Sc."", ""field"": ""Computer Science"", ""university"": ""Tulane University, New Orleans"", ""year"": ""1993"", ""country"": ""USA""}"
"Extract the target person's education history as JSON.
Target person: Carlos Coello Coello
Return a JSON array of degrees with fields: level, field, university, year, country. Only include information about the target person.",IISP,"{""level"": ""Ph.D."", ""field"": ""Computer Science"", ""university"": ""Tulane University, New Orleans"", ""year"": ""1996 (awarded May 1996)"", ""country"": ""USA""}"
"Extract the target person's education history as JSON.
Target person: Carme Artigas
Return a JSON array of degrees with fields: level, field, university, year, country. Only include information about the target person.",High-level Advisory Body on Artificial Intelligence,"{""level"": ""MSc"", ""field"": ""Chemical Engineering"", ""university"": ""Instituto Químico de Sarriá (IQS), Barcelona"", ""year"": ""—"", ""country"": ""Spain""}"
"Extract the target person's education history as JSON.
Target person: Carme Artigas
Return a JSON array of degrees with fields: level, field, university, year, country. Only include information about the target person.",High-level Advisory Body on Artificial Intelligence,"{""level"": ""Postgraduate"", ""field"": ""Industrial Management"", ""university"": ""Instituto Químico de Sarriá (IQS)"", ""year"": ""—"", ""country"": ""Spain""}"
"Extract the target person's education history as JSON.
Target person: Carme Artigas
Return a JSON array of degrees with fields: level, field, university, year, country. Only include information about the target person.",High-level Advisory Body on Artificial Intelligence,"{""level"": ""Executive Program"", ""field"": ""Venture Capital"", ""university"": ""Haas School, University of California, Berkeley"", ""year"": ""—"", ""country"": ""USA""}"
"Extract the target person's education history as JSON.
Target person: Craig Ramlal
Return a JSON array of degrees with fields: level, field, university, year, country. Only include information about the target person.",High-level Advisory Body on Artificial Intelligence,"{""level"": ""BSc"", ""field"": ""Electrical and Computer Engineering"", ""university"": ""University of the West Indies (with King Fahd University of Petroleum and Minerals)"", ""year"": ""—"", ""country"": ""Trinidad and Tobago / Saudi Arabia""}"
"Extract the target person's education history as JSON.
Target person: Craig Ramlal
Return a JSON array of degrees with fields: level, field, university, year, country. Only include information about the target person.",High-level Advisory Body on Artificial Intelligence,"{""level"": ""MASc"", ""field"": ""Electrical and Computer Engineering (Control Systems)"", ""university"": ""University of the West Indies (with King Fahd University)"", ""year"": ""—"", ""country"": ""Trinidad and Tobago / Saudi Arabia""}"
"Extract the target person's education history as JSON.
Target person: Craig Ramlal
Return a JSON array of degrees with fields: level, field, university, year, country. Only include information about the target person.",High-level Advisory Body on Artificial Intelligence,"{""level"": ""PhD"", ""field"": ""Electrical and Computer Engineering"", ""university"": ""University of the West Indies (with King Fahd University)"", ""year"": ""—"", ""country"": ""Trinidad and Tobago / Saudi Arabia""}"
"Extract the target person's education history as JSON.
Target person: Emma Ruttkamp-Bloem
Return a JSON array of degrees with fields: level, field, university, year, country. Only include information about the target person.",High-level Advisory Body on Artificial Intelligence,"{""level"": ""BA"", ""field"": ""Philosophy"", ""university"": ""University of Pretoria"", ""year"": ""—"", ""country"": ""South Africa""}"
"Extract the target person's education history as JSON.
Target person: Emma Ruttkamp-Bloem
Return a JSON array of degrees with fields: level, field, university, year, country. Only include information about the target person.",High-level Advisory Body on Artificial Intelligence,"{""level"": ""BA (Honours)"", ""field"": ""Philosophy"", ""university"": ""University of Pretoria"", ""year"": ""—"", ""country"": ""South Africa""}"
"Extract the target person's education history as JSON.
Target person: Emma Ruttkamp-Bloem
Return a JSON array of degrees with fields: level, field, university, year, country. Only include information about the target person.",High-level Advisory Body on Artificial Intelligence,"{""level"": ""MA"", ""field"": ""Philosophy"", ""university"": ""University of Pretoria"", ""year"": ""—"", ""country"": ""South Africa""}"
"Extract the target person's education history as JSON.
Target person: Emma Ruttkamp-Bloem
Return a JSON array of degrees with fields: level, field, university, year, country. Only include information about the target person.",High-level Advisory Body on Artificial Intelligence,"{""level"": ""PhD"", ""field"": ""Philosophy (Mathematical Logic and Philosophy of Science)"", ""university"": ""University of Pretoria"", ""year"": ""—"", ""country"": ""South Africa""}"
"Extract the target person's education history as JSON.
Target person: Estela Aranha
Return a JSON array of degrees with fields: level, field, university, year, country. Only include information about the target person.",High-level Advisory Body on Artificial Intelligence,"{""level"": ""Professional qualification: Lawyer (law degree implied; institution/year not stated)"", ""field"": ""Law"", ""university"": ""—"", ""year"": ""—"", ""country"": ""Brazil""}"
"Extract the target person's education history as JSON.
Target person: Girmaw Abebe Tadesse
Return a JSON array of degrees with fields: level, field, university, year, country. Only include information about the target person.",IISP,"{""level"": ""Ph.D. (Erasmus Mundus Joint/Double Doctorate)"", ""field"": ""Interactive and Cognitive Environments"", ""university"": ""Queen Mary University of London (lead), jointly with Universitat Politècnica de Catalunya (Spain), INESC-ID (Portugal), KU Leuven (Belgium), Università di Trento (Italy)"", ""year"": ""2018 (issue date 2018-05-14 per thesis record)"", ""country"": ""UK (lead institution); joint EU consortium""}"
"Extract the target person's education history as JSON.
Target person: Haitao Song
Return a JSON array of degrees with fields: level, field, university, year, country. Only include information about the target person.",IISP,"{""level"": ""PhD"", ""field"": ""Electrical Engineering and Automation"", ""university"": ""Shanghai Jiao Tong University"", ""year"": ""—"", ""country"": ""China""}"
"Extract the target person's education history as JSON.
Target person: Haksoo Ko
Return a JSON array of degrees with fields: level, field, university, year, country. Only include information about the target person.",High-level Advisory Body on Artificial Intelligence,"{""level"": ""B.A."", ""field"": ""Economics"", ""university"": ""Seoul National University"", ""year"": ""1989"", ""country"": ""South Korea""}"
"Extract the target person's education history as JSON.
Target person: Haksoo Ko
Return a JSON array of degrees with fields: level, field, university, year, country. Only include information about the target person.",High-level Advisory Body on Artificial Intelligence,"{""level"": ""M.A."", ""field"": ""Economics"", ""university"": ""Seoul National University"", ""year"": ""1991"", ""country"": ""South Korea""}"
"Extract the target person's education history as JSON.
Target person: Haksoo Ko
Return a JSON array of degrees with fields: level, field, university, year, country. Only include information about the target person.",High-level Advisory Body on Artificial Intelligence,"{""level"": ""J.D."", ""field"": ""Law"", ""university"": ""Columbia University School of Law"", ""year"": ""1998"", ""country"": ""USA""}"
"Extract the target person's education history as JSON.
Target person: Haksoo Ko
Return a JSON array of degrees with fields: level, field, university, year, country. Only include information about the target person.",High-level Advisory Body on Artificial Intelligence,"{""level"": ""Ph.D."", ""field"": ""Economics"", ""university"": ""Columbia University"", ""year"": ""2001"", ""country"": ""USA""}"
"Extract the target person's education history as JSON.
Target person: He Ruimin
Return a JSON array of degrees with fields: level, field, university, year, country. Only include information about the target person.",High-level Advisory Body on Artificial Intelligence,"{""level"": ""B.S."", ""field"": ""Electrical Science and Engineering"", ""university"": ""Massachusetts Institute of Technology"", ""year"": ""—"", ""country"": ""USA""}"
"Extract the target person's education history as JSON.
Target person: He Ruimin
Return a JSON array of degrees with fields: level, field, university, year, country. Only include information about the target person.",High-level Advisory Body on Artificial Intelligence,"{""level"": ""Ph.D."", ""field"": ""Economics"", ""university"": ""Massachusetts Institute of Technology"", ""year"": ""—"", ""country"": ""USA""}"
"Extract the target person's education history as JSON.
Target person: Hiroaki Kitano
Return a JSON array of degrees with fields: level, field, university, year, country. Only include information about the target person.",High-level Advisory Body on Artificial Intelligence,"{""level"": ""B.A."", ""field"": ""Physics"", ""university"": ""International Christian University"", ""year"": ""—"", ""country"": ""Japan""}"
"Extract the target person's education history as JSON.
Target person: Hiroaki Kitano
Return a JSON array of degrees with fields: level, field, university, year, country. Only include information about the target person.",High-level Advisory Body on Artificial Intelligence,"{""level"": ""Ph.D."", ""field"": ""Computer Science"", ""university"": ""Kyoto University"", ""year"": ""—"", ""country"": ""Japan""}"
"Extract the target person's education history as JSON.
Target person: Hoda Heidari
Return a JSON array of degrees with fields: level, field, university, year, country. Only include information about the target person.",IISP,"{""level"": ""B.Sc."", ""field"": ""Software Engineering"", ""university"": ""Sharif University of Technology, Tehran"", ""year"": ""2011"", ""country"": ""Iran""}"
"Extract the target person's education history as JSON.
Target person: Hoda Heidari
Return a JSON array of degrees with fields: level, field, university, year, country. Only include information about the target person.",IISP,"{""level"": ""M.Sc."", ""field"": ""Statistics"", ""university"": ""Wharton School, University of Pennsylvania"", ""year"": ""2017"", ""country"": ""USA""}"
"Extract the target person's education history as JSON.
Target person: Hoda Heidari
Return a JSON array of degrees with fields: level, field, university, year, country. Only include information about the target person.",IISP,"{""level"": ""Ph.D."", ""field"": ""Computer and Information Science"", ""university"": ""University of Pennsylvania"", ""year"": ""2017"", ""country"": ""USA""}"
"Extract the target person's education history as JSON.
Target person: Ian Bremmer
Return a JSON array of degrees with fields: level, field, university, year, country. Only include information about the target person.",High-level Advisory Body on Artificial Intelligence,"{""level"": ""BA"", ""field"": ""International Relations"", ""university"": ""Tulane University"", ""year"": ""1989"", ""country"": ""USA""}"
"Extract the target person's education history as JSON.
Target person: Ian Bremmer
Return a JSON array of degrees with fields: level, field, university, year, country. Only include information about the target person.",High-level Advisory Body on Artificial Intelligence,"{""level"": ""MA"", ""field"": ""Political Science"", ""university"": ""Stanford University"", ""year"": ""1991"", ""country"": ""USA""}"
"Extract the target person's education history as JSON.
Target person: Ian Bremmer
Return a JSON array of degrees with fields: level, field, university, year, country. Only include information about the target person.",High-level Advisory Body on Artificial Intelligence,"{""level"": ""PhD"", ""field"": ""Political Science"", ""university"": ""Stanford University"", ""year"": ""1994"", ""country"": ""USA""}"
"Extract the target person's education history as JSON.
Target person: Jaan Tallinn
Return a JSON array of degrees with fields: level, field, university, year, country. Only include information about the target person.",High-level Advisory Body on Artificial Intelligence,"{""level"": ""BSc"", ""field"": ""Theoretical Physics"", ""university"": ""University of Tartu"", ""year"": ""1996"", ""country"": ""Estonia""}"
"Extract the target person's education history as JSON.
Target person: James Manyika
Return a JSON array of degrees with fields: level, field, university, year, country. Only include information about the target person.",High-level Advisory Body on Artificial Intelligence,"{""level"": ""BSc"", ""field"": ""Electrical Engineering"", ""university"": ""University of Zimbabwe"", ""year"": ""—"", ""country"": ""Zimbabwe""}"
"Extract the target person's education history as JSON.
Target person: James Manyika
Return a JSON array of degrees with fields: level, field, university, year, country. Only include information about the target person.",High-level Advisory Body on Artificial Intelligence,"{""level"": ""MSc"", ""field"": ""Mathematics and Computer Science"", ""university"": ""University of Oxford (Rhodes Scholar)"", ""year"": ""—"", ""country"": ""United Kingdom""}"
"Extract the target person's education history as JSON.
Target person: James Manyika
Return a JSON array of degrees with fields: level, field, university, year, country. Only include information about the target person.",High-level Advisory Body on Artificial Intelligence,"{""level"": ""MA"", ""field"": ""—"", ""university"": ""University of Oxford"", ""year"": ""—"", ""country"": ""United Kingdom""}"
"Extract the target person's education history as JSON.
Target person: James Manyika
Return a JSON array of degrees with fields: level, field, university, year, country. Only include information about the target person.",High-level Advisory Body on Artificial Intelligence,"{""level"": ""DPhil"", ""field"": ""AI and Robotics"", ""university"": ""University of Oxford"", ""year"": ""—"", ""country"": ""United Kingdom""}"
"Extract the target person's education history as JSON.
Target person: Jian Wang
Return a JSON array of degrees with fields: level, field, university, year, country. Only include information about the target person.",IISP,"{""level"": ""Bachelor's"", ""field"": ""Psychology"", ""university"": ""Hangzhou University"", ""year"": ""1984"", ""country"": ""China""}"
"Extract the target person's education history as JSON.
Target person: Jian Wang
Return a JSON array of degrees with fields: level, field, university, year, country. Only include information about the target person.",IISP,"{""level"": ""PhD (工学博士 / Doctor of Engineering)"", ""field"": ""Psychology (Engineering Psychology)"", ""university"": ""Hangzhou University (later merged into Zhejiang University)"", ""year"": ""1990"", ""country"": ""China""}"
"Extract the target person's education history as JSON.
Target person: Jimena Sofia Viveros Alvarez
Return a JSON array of degrees with fields: level, field, university, year, country. Only include information about the target person.",High-level Advisory Body on Artificial Intelligence,"{""level"": ""Law degree"", ""field"": ""Law"", ""university"": ""Universidad Iberoamericana"", ""year"": ""—"", ""country"": ""Mexico""}"
"Extract the target person's education history as JSON.
Target person: Jimena Sofia Viveros Alvarez
Return a JSON array of degrees with fields: level, field, university, year, country. Only include information about the target person.",High-level Advisory Body on Artificial Intelligence,"{""level"": ""Master"", ""field"": ""Public International Law"", ""university"": ""Leiden University"", ""year"": ""—"", ""country"": ""Netherlands""}"
"Extract the target person's education history as JSON.
Target person: Jimena Sofia Viveros Alvarez
Return a JSON array of degrees with fields: level, field, university, year, country. Only include information about the target person.",High-level Advisory Body on Artificial Intelligence,"{""level"": ""PhD (candidate)"", ""field"": ""Global governance of autonomous weapons / weaponisation of AI"", ""university"": ""University of Cologne"", ""year"": ""—"", ""country"": ""Germany""}"
"Extract the target person's education history as JSON.
Target person: Johanna Pirker
Return a JSON array of degrees with fields: level, field, university, year, country. Only include information about the target person.",IISP,"{""level"": ""BSc"", ""field"": ""Software Development and Business Management"", ""university"": ""Graz University of Technology"", ""year"": ""2006–2011"", ""country"": ""Austria""}"
"Extract the target person's education history as JSON.
Target person: Johanna Pirker
Return a JSON array of degrees with fields: level, field, university, year, country. Only include information about the target person.",IISP,"{""level"": ""Dipl.Ing. (MSc)"", ""field"": ""Software Development and Business Management"", ""university"": ""Graz University of Technology"", ""year"": ""2011–2013"", ""country"": ""Austria""}"
"Extract the target person's education history as JSON.
Target person: Johanna Pirker
Return a JSON array of degrees with fields: level, field, university, year, country. Only include information about the target person.",IISP,"{""level"": ""Master's thesis research (visiting student — not a separate awarded degree)"", ""field"": ""Physics/virtual-world education thesis"", ""university"": ""Massachusetts Institute of Technology"", ""year"": ""2012–2013"", ""country"": ""USA""}"
"Extract the target person's education history as JSON.
Target person: Johanna Pirker
Return a JSON array of degrees with fields: level, field, university, year, country. Only include information about the target person.",IISP,"{""level"": ""Ph.D. (Doctoral Degree)"", ""field"": ""Computer Science (thesis: \""Immersive and Engaging Forms of Virtual Learning\"")"", ""university"": ""Graz University of Technology"", ""year"": ""2013–2017"", ""country"": ""Austria""}"
"Extract the target person's education history as JSON.
Target person: Joyce Nakatumba Nabende
Return a JSON array of degrees with fields: level, field, university, year, country. Only include information about the target person.",IISP,"{""level"": ""Bachelor of Computer Science"", ""field"": ""Computer Science"", ""university"": ""Mbarara University of Science and Technology"", ""year"": ""January 2005"", ""country"": ""Uganda""}"
"Extract the target person's education history as JSON.
Target person: Joyce Nakatumba Nabende
Return a JSON array of degrees with fields: level, field, university, year, country. Only include information about the target person.",IISP,"{""level"": ""Master of Science"", ""field"": ""Computer Science"", ""university"": ""Makerere University"", ""year"": ""2006"", ""country"": ""Uganda""}"
"Extract the target person's education history as JSON.
Target person: Joyce Nakatumba Nabende
Return a JSON array of degrees with fields: level, field, university, year, country. Only include information about the target person.",IISP,"{""level"": ""Ph.D."", ""field"": ""Computer Science (thesis: \""Resource-aware business process management: analysis and support\"")"", ""university"": ""Eindhoven University of Technology, Netherlands"", ""year"": ""2013 (thesis dated 7 November 2013)"", ""country"": ""Netherlands""}"
"Extract the target person's education history as JSON.
Target person: Joëlle Barral
Return a JSON array of degrees with fields: level, field, university, year, country. Only include information about the target person.",IISP,"{""level"": ""Baccalauréat"", ""field"": ""Maths"", ""university"": ""Lycée Hoche"", ""year"": ""2001"", ""country"": ""France""}"
"Extract the target person's education history as JSON.
Target person: Joëlle Barral
Return a JSON array of degrees with fields: level, field, university, year, country. Only include information about the target person.",IISP,"{""level"": ""B.S."", ""field"": ""Math and Physics"", ""university"": ""École Polytechnique"", ""year"": ""2004 (entered 2001 per La Jaune et la Rouge)"", ""country"": ""France""}"
"Extract the target person's education history as JSON.
Target person: Joëlle Barral
Return a JSON array of degrees with fields: level, field, university, year, country. Only include information about the target person.",IISP,"{""level"": ""M.S."", ""field"": ""Electrical Engineering"", ""university"": ""Stanford University"", ""year"": ""Not stated (gap)"", ""country"": ""USA""}"
"Extract the target person's education history as JSON.
Target person: Joëlle Barral
Return a JSON array of degrees with fields: level, field, university, year, country. Only include information about the target person.",IISP,"{""level"": ""Ph.D."", ""field"": ""Electrical Engineering (high-resolution Magnetic Resonance Imaging)"", ""university"": ""Stanford University"", ""year"": ""2010"", ""country"": ""USA""}"
"Extract the target person's education history as JSON.
Target person: Juho Kim
Return a JSON array of degrees with fields: level, field, university, year, country. Only include information about the target person.",IISP,"{""level"": ""B.S."", ""field"": ""Computer Science and Engineering"", ""university"": ""Seoul National University"", ""year"": ""2008"", ""country"": ""South Korea""}"
"Extract the target person's education history as JSON.
Target person: Juho Kim
Return a JSON array of degrees with fields: level, field, university, year, country. Only include information about the target person.",IISP,"{""level"": ""M.S."", ""field"": ""Computer Science"", ""university"": ""Stanford University"", ""year"": ""2010"", ""country"": ""USA""}"
"Extract the target person's education history as JSON.
Target person: Juho Kim
Return a JSON array of degrees with fields: level, field, university, year, country. Only include information about the target person.",IISP,"{""level"": ""Ph.D."", ""field"": ""Electrical Engineering and Computer Science (EECS)"", ""university"": ""MIT"", ""year"": ""2015"", ""country"": ""USA""}"
"Extract the target person's education history as JSON.
Target person: Latifa Al-Abdulkarim
Return a JSON array of degrees with fields: level, field, university, year, country. Only include information about the target person.",High-level Advisory Body on Artificial Intelligence,"{""level"": ""Bachelor's"", ""field"": ""Computer Science"", ""university"": ""King Saud University"", ""year"": ""2004"", ""country"": ""Saudi Arabia""}"
"Extract the target person's education history as JSON.
Target person: Latifa Al-Abdulkarim
Return a JSON array of degrees with fields: level, field, university, year, country. Only include information about the target person.",High-level Advisory Body on Artificial Intelligence,"{""level"": ""Postgraduate / Master's (2009) — source conflict"", ""field"": ""(Computer) Software Engineering"", ""university"": ""University of Liverpool (per Wikipedia) vs King Saud University (per Saudipedia)"", ""year"": ""2009"", ""country"": ""UK / Saudi Arabia""}"
"Extract the target person's education history as JSON.
Target person: Latifa Al-Abdulkarim
Return a JSON array of degrees with fields: level, field, university, year, country. Only include information about the target person.",High-level Advisory Body on Artificial Intelligence,"{""level"": ""MSc"", ""field"": ""Computer Science (Wikipedia) / Artificial Intelligence (Saudipedia)"", ""university"": ""University of Liverpool"", ""year"": ""2011"", ""country"": ""UK""}"
"Extract the target person's education history as JSON.
Target person: Latifa Al-Abdulkarim
Return a JSON array of degrees with fields: level, field, university, year, country. Only include information about the target person.",High-level Advisory Body on Artificial Intelligence,"{""level"": ""Ph.D."", ""field"": ""Computer Science (AI and Law)"", ""university"": ""University of Liverpool"", ""year"": ""2017"", ""country"": ""UK""}"
"Extract the target person's education history as JSON.
Target person: Leslie Teo
Return a JSON array of degrees with fields: level, field, university, year, country. Only include information about the target person.",IISP,"{""level"": ""BA"", ""field"": ""Economics (Liberal Arts and Sciences)"", ""university"": ""University of Chicago"", ""year"": ""1992 (Jan 1989–Jan 1992 per ContactOut)"", ""country"": ""USA""}"
"Extract the target person's education history as JSON.
Target person: Leslie Teo
Return a JSON array of degrees with fields: level, field, university, year, country. Only include information about the target person.",IISP,"{""level"": ""MA"", ""field"": ""Economics"", ""university"": ""University of Rochester"", ""year"": ""Not independently dated (subsumed into PhD dates elsewhere)"", ""country"": ""USA""}"
"Extract the target person's education history as JSON.
Target person: Leslie Teo
Return a JSON array of degrees with fields: level, field, university, year, country. Only include information about the target person.",IISP,"{""level"": ""Master's"", ""field"": ""Information and Data Science"", ""university"": ""UC Berkeley"", ""year"": ""2018 (Jan 2016–Jan 2018 per ContactOut)"", ""country"": ""USA""}"
"Extract the target person's education history as JSON.
Target person: Leslie Teo
Return a JSON array of degrees with fields: level, field, university, year, country. Only include information about the target person.",IISP,"{""level"": ""Ph.D."", ""field"": ""Economics and Finance"", ""university"": ""University of Rochester"", ""year"": ""1996 (Jan 1992–Jan 1996 per ContactOut)"", ""country"": ""USA""}"
"Extract the target person's education history as JSON.
Target person: Lior Rokach
Return a JSON array of degrees with fields: level, field, university, year, country. Only include information about the target person.",IISP,"{""level"": ""BSc"", ""field"": ""Industrial Engineering"", ""university"": ""Tel Aviv University"", ""year"": ""1998"", ""country"": ""Israel""}"
"Extract the target person's education history as JSON.
Target person: Lior Rokach
Return a JSON array of degrees with fields: level, field, university, year, country. Only include information about the target person.",IISP,"{""level"": ""MSc"", ""field"": ""Industrial Engineering"", ""university"": ""Tel Aviv University"", ""year"": ""1999"", ""country"": ""Israel""}"
"Extract the target person's education history as JSON.
Target person: Lior Rokach
Return a JSON array of degrees with fields: level, field, university, year, country. Only include information about the target person.",IISP,"{""level"": ""Ph.D."", ""field"": ""Industrial Engineering"", ""university"": ""Tel Aviv University"", ""year"": ""2004"", ""country"": ""Israel""}"
"Extract the target person's education history as JSON.
Target person: Loreto Bravo
Return a JSON array of degrees with fields: level, field, university, year, country. Only include information about the target person.",IISP,"{""level"": ""Ingeniero Civil Industrial (professional engineering degree)"", ""field"": ""Industrial Engineering"", ""university"": ""Pontificia Universidad Católica de Chile"", ""year"": ""Not stated (gap)"", ""country"": ""Chile""}"
"Extract the target person's education history as JSON.
Target person: Loreto Bravo
Return a JSON array of degrees with fields: level, field, university, year, country. Only include information about the target person.",IISP,"{""level"": ""Ph.D."", ""field"": ""Computer Science"", ""university"": ""Carleton University"", ""year"": ""2007"", ""country"": ""Canada""}"
"Extract the target person's education history as JSON.
Target person: Maria Ressa
Return a JSON array of degrees with fields: level, field, university, year, country. Only include information about the target person.",IISP,"{""level"": ""BA (cum laude), with certificates in theater and dance"", ""field"": ""English"", ""university"": ""Princeton University"", ""year"": ""1986"", ""country"": ""USA""}"
"Extract the target person's education history as JSON.
Target person: Maria Ressa
Return a JSON array of degrees with fields: level, field, university, year, country. Only include information about the target person.",IISP,"{""level"": ""Fulbright Fellowship (study of political theater; not a degree)"", ""field"": ""Political theater"", ""university"": ""University of the Philippines Diliman"", ""year"": ""Not dated"", ""country"": ""Philippines""}"
"Extract the target person's education history as JSON.
Target person: Maria Vanina Martinez
Return a JSON array of degrees with fields: level, field, university, year, country. Only include information about the target person.",High-level Advisory Body on Artificial Intelligence,"{""level"": ""Licenciatura"", ""field"": ""Computer Science"", ""university"": ""Universidad Nacional del Sur (Bahía Blanca)"", ""year"": ""2005"", ""country"": ""Argentina""}"
"Extract the target person's education history as JSON.
Target person: Maria Vanina Martinez
Return a JSON array of degrees with fields: level, field, university, year, country. Only include information about the target person.",High-level Advisory Body on Artificial Intelligence,"{""level"": ""M.Sc."", ""field"": ""Computer Science"", ""university"": ""University of Maryland, College Park"", ""year"": ""2008"", ""country"": ""USA""}"
"Extract the target person's education history as JSON.
Target person: Maria Vanina Martinez
Return a JSON array of degrees with fields: level, field, university, year, country. Only include information about the target person.",High-level Advisory Body on Artificial Intelligence,"{""level"": ""PhD"", ""field"": ""Computer Science"", ""university"": ""University of Maryland, College Park"", ""year"": ""2011"", ""country"": ""USA""}"
"Extract the target person's education history as JSON.
Target person: Marietje Schaake
Return a JSON array of degrees with fields: level, field, university, year, country. Only include information about the target person.",High-level Advisory Body on Artificial Intelligence,"{""level"": ""Undergraduate"", ""field"": ""Sociology, American studies, new media"", ""university"": ""University of Amsterdam"", ""year"": ""—"", ""country"": ""Netherlands""}"
"Extract the target person's education history as JSON.
Target person: Marietje Schaake
Return a JSON array of degrees with fields: level, field, university, year, country. Only include information about the target person.",High-level Advisory Body on Artificial Intelligence,"{""level"": ""Undergraduate (study abroad)"", ""field"": ""Liberal arts"", ""university"": ""Wittenberg University"", ""year"": ""—"", ""country"": ""USA""}"
"Extract the target person's education history as JSON.
Target person: Mark Coeckelbergh
Return a JSON array of degrees with fields: level, field, university, year, country. Only include information about the target person.",IISP,"{""level"": ""Licentiaat"", ""field"": ""Social Sciences and Political Sciences"", ""university"": ""University of Leuven"", ""year"": ""1997"", ""country"": ""Belgium""}"
"Extract the target person's education history as JSON.
Target person: Mark Coeckelbergh
Return a JSON array of degrees with fields: level, field, university, year, country. Only include information about the target person.",IISP,"{""level"": ""MA"", ""field"": ""Social Philosophy"", ""university"": ""University of East Anglia"", ""year"": ""1999"", ""country"": ""UK""}"
"Extract the target person's education history as JSON.
Target person: Mark Coeckelbergh
Return a JSON array of degrees with fields: level, field, university, year, country. Only include information about the target person.",IISP,"{""level"": ""PhD"", ""field"": ""Philosophy"", ""university"": ""University of Birmingham"", ""year"": ""2003"", ""country"": ""UK""}"
"Extract the target person's education history as JSON.
Target person: Martha Palmer
Return a JSON array of degrees with fields: level, field, university, year, country. Only include information about the target person.",IISP,"{""level"": ""BA"", ""field"": ""Philosophy"", ""university"": ""University of Texas at Austin"", ""year"": ""Not stated (gap)"", ""country"": ""USA""}"
"Extract the target person's education history as JSON.
Target person: Martha Palmer
Return a JSON array of degrees with fields: level, field, university, year, country. Only include information about the target person.",IISP,"{""level"": ""MA"", ""field"": ""Computer Science (and Psychology, per CU sources)"", ""university"": ""University of Texas at Austin"", ""year"": ""Conflicting: 1976 (Wikipedia) vs. 1972 (CU Boulder CS profile)"", ""country"": ""USA""}"
"Extract the target person's education history as JSON.
Target person: Martha Palmer
Return a JSON array of degrees with fields: level, field, university, year, country. Only include information about the target person.",IISP,"{""level"": ""PhD"", ""field"": ""Artificial Intelligence"", ""university"": ""University of Edinburgh"", ""year"": ""1985"", ""country"": ""UK""}"
"Extract the target person's education history as JSON.
Target person: Maximilian Nickel
Return a JSON array of degrees with fields: level, field, university, year, country. Only include information about the target person.",IISP,"{""level"": ""PhD (Dr. rer. nat.)"", ""field"": ""Computer Science (Informatik) — thesis \""Tensor Factorization for Relational Learning\"""", ""university"": ""Ludwig-Maximilians-Universität München (LMU)"", ""year"": ""2013"", ""country"": ""Germany""}"
"Extract the target person's education history as JSON.
Target person: Melahat Bilge Demirkoz
Return a JSON array of degrees with fields: level, field, university, year, country. Only include information about the target person.",IISP,"{""level"": ""Bachelor of Science"", ""field"": ""Physics (with minors in Music and Mathematics)"", ""university"": ""MIT"", ""year"": ""2001"", ""country"": ""USA""}"
"Extract the target person's education history as JSON.
Target person: Melahat Bilge Demirkoz
Return a JSON array of degrees with fields: level, field, university, year, country. Only include information about the target person.",IISP,"{""level"": ""Master's (Graduate degree) — new fact, not in the existing biography"", ""field"": ""Physics"", ""university"": ""MIT"", ""year"": ""2004"", ""country"": ""USA""}"
"Extract the target person's education history as JSON.
Target person: Melahat Bilge Demirkoz
Return a JSON array of degrees with fields: level, field, university, year, country. Only include information about the target person.",IISP,"{""level"": ""PhD"", ""field"": ""Physics"", ""university"": ""University of Oxford"", ""year"": ""2007"", ""country"": ""UK""}"
"Extract the target person's education history as JSON.
Target person: Mennatallah El-Assady
Return a JSON array of degrees with fields: level, field, university, year, country. Only include information about the target person.",IISP,"{""level"": ""BS"", ""field"": ""Information Engineering"", ""university"": ""University of Konstanz"", ""year"": ""Not stated (gap)"", ""country"": ""Germany""}"
"Extract the target person's education history as JSON.
Target person: Mennatallah El-Assady
Return a JSON array of degrees with fields: level, field, university, year, country. Only include information about the target person.",IISP,"{""level"": ""MS"", ""field"": ""Information Engineering"", ""university"": ""University of Konstanz"", ""year"": ""Not stated (gap)"", ""country"": ""Germany""}"
"Extract the target person's education history as JSON.
Target person: Mennatallah El-Assady
Return a JSON array of degrees with fields: level, field, university, year, country. Only include information about the target person.",IISP,"{""level"": ""PhD"", ""field"": ""Computer Science (thesis: \""Levels of Explainability for Human-AI Interaction in Visual Text Analytics\"")"", ""university"": ""University of Konstanz"", ""year"": ""2021 (inferred — \""since 2021, she has been...at the ETH AI Center\"")"", ""country"": ""Germany""}"
"Extract the target person's education history as JSON.
Target person: Mira Murati
Return a JSON array of degrees with fields: level, field, university, year, country. Only include information about the target person.",High-level Advisory Body on Artificial Intelligence,"{""level"": ""Bachelor of Arts"", ""field"": ""(dual-degree program)"", ""university"": ""Colby College"", ""year"": ""2011"", ""country"": ""USA""}"
"Extract the target person's education history as JSON.
Target person: Mira Murati
Return a JSON array of degrees with fields: level, field, university, year, country. Only include information about the target person.",High-level Advisory Body on Artificial Intelligence,"{""level"": ""Bachelor of Engineering"", ""field"": ""Engineering"", ""university"": ""Dartmouth College"", ""year"": ""2012"", ""country"": ""USA""}"
"Extract the target person's education history as JSON.
Target person: Mohamed Farahat
Return a JSON array of degrees with fields: level, field, university, year, country. Only include information about the target person.",High-level Advisory Body on Artificial Intelligence,"{""level"": ""Bachelor of Laws (LL.B.)"", ""field"": ""Law"", ""university"": ""Cairo University"", ""year"": ""—"", ""country"": ""Egypt""}"
"Extract the target person's education history as JSON.
Target person: Mohamed Farahat
Return a JSON array of degrees with fields: level, field, university, year, country. Only include information about the target person.",High-level Advisory Body on Artificial Intelligence,"{""level"": ""Master's"", ""field"": ""African Studies"", ""university"": ""Cairo University"", ""year"": ""—"", ""country"": ""Egypt""}"
"Extract the target person's education history as JSON.
Target person: Natasha Crampton
Return a JSON array of degrees with fields: level, field, university, year, country. Only include information about the target person.",High-level Advisory Body on Artificial Intelligence,"{""level"": ""Bachelor of Laws (Honours)"", ""field"": ""Law"", ""university"": ""University of Auckland"", ""year"": ""—"", ""country"": ""New Zealand""}"
"Extract the target person's education history as JSON.
Target person: Natasha Crampton
Return a JSON array of degrees with fields: level, field, university, year, country. Only include information about the target person.",High-level Advisory Body on Artificial Intelligence,"{""level"": ""Bachelor of Commerce"", ""field"": ""Commerce (majoring in Information Systems)"", ""university"": ""University of Auckland"", ""year"": ""—"", ""country"": ""New Zealand""}"
"Extract the target person's education history as JSON.
Target person: Nazneen Rajani
Return a JSON array of degrees with fields: level, field, university, year, country. Only include information about the target person.",High-level Advisory Body on Artificial Intelligence,"{""level"": ""Ph.D."", ""field"": ""Computer Science"", ""university"": ""University of Texas at Austin"", ""year"": ""—"", ""country"": ""USA""}"
"Extract the target person's education history as JSON.
Target person: Nighat Dad
Return a JSON array of degrees with fields: level, field, university, year, country. Only include information about the target person.",High-level Advisory Body on Artificial Intelligence,"{""level"": ""LL.B. (Bachelor of Laws)"", ""field"": ""Law"", ""university"": ""University of the Punjab"", ""year"": ""—"", ""country"": ""Pakistan""}"
"Extract the target person's education history as JSON.
Target person: Nighat Dad
Return a JSON array of degrees with fields: level, field, university, year, country. Only include information about the target person.",High-level Advisory Body on Artificial Intelligence,"{""level"": ""LL.M. (Master of Laws)"", ""field"": ""Law"", ""university"": ""University of the Punjab"", ""year"": ""—"", ""country"": ""Pakistan""}"
"Extract the target person's education history as JSON.
Target person: Omar Sultan Al Olama
Return a JSON array of degrees with fields: level, field, university, year, country. Only include information about the target person.",High-level Advisory Body on Artificial Intelligence,"{""level"": ""Bachelor's"", ""field"": ""Business Administration and Management"", ""university"": ""American University in Dubai"", ""year"": ""—"", ""country"": ""United Arab Emirates""}"
"Extract the target person's education history as JSON.
Target person: Omar Sultan Al Olama
Return a JSON array of degrees with fields: level, field, university, year, country. Only include information about the target person.",High-level Advisory Body on Artificial Intelligence,"{""level"": ""Diploma"", ""field"": ""Excellence and Project Management"", ""university"": ""American University of Sharjah"", ""year"": ""—"", ""country"": ""United Arab Emirates""}"
"Extract the target person's education history as JSON.
Target person: Paolo Benanti
Return a JSON array of degrees with fields: level, field, university, year, country. Only include information about the target person.",High-level Advisory Body on Artificial Intelligence,"{""level"": ""Licentiate (STL)"", ""field"": ""Moral Theology"", ""university"": ""Pontifical Gregorian University"", ""year"": ""2008"", ""country"": ""Italy (Holy See)""}"
"Extract the target person's education history as JSON.
Target person: Paolo Benanti
Return a JSON array of degrees with fields: level, field, university, year, country. Only include information about the target person.",High-level Advisory Body on Artificial Intelligence,"{""level"": ""Doctorate (STD)"", ""field"": ""Moral Theology"", ""university"": ""Pontifical Gregorian University"", ""year"": ""2012"", ""country"": ""Italy (Holy See)""}"
"Extract the target person's education history as JSON.
Target person: Petri Myllymaki
Return a JSON array of degrees with fields: level, field, university, year, country. Only include information about the target person.",High-level Advisory Body on Artificial Intelligence,"{""level"": ""M.Sc."", ""field"": ""Computer Science"", ""university"": ""University of Helsinki"", ""year"": ""1991"", ""country"": ""Finland""}"
"Extract the target person's education history as JSON.
Target person: Petri Myllymaki
Return a JSON array of degrees with fields: level, field, university, year, country. Only include information about the target person.",High-level Advisory Body on Artificial Intelligence,"{""level"": ""Licentiate"", ""field"": ""Computer Science (Philosophy)"", ""university"": ""University of Helsinki"", ""year"": ""1994"", ""country"": ""Finland""}"
"Extract the target person's education history as JSON.
Target person: Petri Myllymaki
Return a JSON array of degrees with fields: level, field, university, year, country. Only include information about the target person.",High-level Advisory Body on Artificial Intelligence,"{""level"": ""Ph.D."", ""field"": ""Computer Science"", ""university"": ""University of Helsinki"", ""year"": ""1995"", ""country"": ""Finland""}"
"Extract the target person's education history as JSON.
Target person: Petri Myllymaki
Return a JSON array of degrees with fields: level, field, university, year, country. Only include information about the target person.",High-level Advisory Body on Artificial Intelligence,"{""level"": ""Docent"", ""field"": ""Computer Science"", ""university"": ""University of Helsinki"", ""year"": ""1999"", ""country"": ""Finland""}"
"Extract the target person's education history as JSON.
Target person: Philip Thigo
Return a JSON array of degrees with fields: level, field, university, year, country. Only include information about the target person.",High-level Advisory Body on Artificial Intelligence,"{""level"": ""Master's (Master of Global Management, MGM)"", ""field"": ""Global Management"", ""university"": ""Thunderbird School of Global Management, Arizona State University"", ""year"": ""—"", ""country"": ""USA""}"
"Extract the target person's education history as JSON.
Target person: Piotr Sankowski
Return a JSON array of degrees with fields: level, field, university, year, country. Only include information about the target person.",IISP,"{""level"": ""Undergraduate (Studia informatyczne)"", ""field"": ""Computer Science"", ""university"": ""University of Warsaw"", ""year"": ""2002"", ""country"": ""Poland""}"
"Extract the target person's education history as JSON.
Target person: Piotr Sankowski
Return a JSON array of degrees with fields: level, field, university, year, country. Only include information about the target person.",IISP,"{""level"": ""PhD"", ""field"": ""Computer Science (thesis: \""Algebraic Graph Algorithms\"")"", ""university"": ""University of Warsaw"", ""year"": ""2005"", ""country"": ""Poland""}"
"Extract the target person's education history as JSON.
Target person: Piotr Sankowski
Return a JSON array of degrees with fields: level, field, university, year, country. Only include information about the target person.",IISP,"{""level"": ""PhD (2nd doctorate)"", ""field"": ""Physics (solid state theory)"", ""university"": ""Polish Academy of Sciences"", ""year"": ""2009"", ""country"": ""Poland""}"
"Extract the target person's education history as JSON.
Target person: Piotr Sankowski
Return a JSON array of degrees with fields: level, field, university, year, country. Only include information about the target person.",IISP,"{""level"": ""Habilitation"", ""field"": ""Computer Science (thesis: \""Polynomial Matrices and Graph Algorithms\"")"", ""university"": ""University of Warsaw"", ""year"": ""2009"", ""country"": ""Poland""}"
"Extract the target person's education history as JSON.
Target person: Qinghua Lu
Return a JSON array of degrees with fields: level, field, university, year, country. Only include information about the target person.",IISP,"{""level"": ""PhD"", ""field"": ""Computer Science"", ""university"": ""University of New South Wales"", ""year"": ""2013"", ""country"": ""Australia""}"
"Extract the target person's education history as JSON.
Target person: Rahaf Harfoush
Return a JSON array of degrees with fields: level, field, university, year, country. Only include information about the target person.",High-level Advisory Body on Artificial Intelligence,"{""level"": ""BA"", ""field"": ""Business Administration and Management"", ""university"": ""Ivey Business School, Western University (London, Ontario)"", ""year"": ""—"", ""country"": ""Canada""}"
"Extract the target person's education history as JSON.
Target person: Ran Balicer
Return a JSON array of degrees with fields: level, field, university, year, country. Only include information about the target person.",High-level Advisory Body on Artificial Intelligence,"{""level"": ""MD, Ph.D., MPH (credentials)"", ""field"": ""Medicine / Public Health / Epidemiology"", ""university"": ""Ben-Gurion University of the Negev (affiliation; not explicitly stated as the granting institution)"", ""year"": ""—"", ""country"": ""Israel""}"
"Extract the target person's education history as JSON.
Target person: Rita Orji
Return a JSON array of degrees with fields: level, field, university, year, country. Only include information about the target person.",IISP,"{""level"": ""BSc"", ""field"": ""Computer Science"", ""university"": ""Nnamdi Azikiwe University"", ""year"": ""Not stated (gap)"", ""country"": ""Nigeria""}"
"Extract the target person's education history as JSON.
Target person: Rita Orji
Return a JSON array of degrees with fields: level, field, university, year, country. Only include information about the target person.",IISP,"{""level"": ""MSc"", ""field"": ""Information Systems"", ""university"": ""Middle East Technical University"", ""year"": ""2009"", ""country"": ""Turkey""}"
"Extract the target person's education history as JSON.
Target person: Rita Orji
Return a JSON array of degrees with fields: level, field, university, year, country. Only include information about the target person.",IISP,"{""level"": ""PhD"", ""field"": ""Computer Science"", ""university"": ""University of Saskatchewan"", ""year"": ""2014"", ""country"": ""Canada""}"
"Extract the target person's education history as JSON.
Target person: Román Orús
Return a JSON array of degrees with fields: level, field, university, year, country. Only include information about the target person.",IISP,"{""level"": ""PhD (with special honours; also holds the underlying undergraduate degree from the same university)"", ""field"": ""Physics"", ""university"": ""University of Barcelona"", ""year"": ""2006"", ""country"": ""Spain""}"
"Extract the target person's education history as JSON.
Target person: Seydina Moussa Ndiaye
Return a JSON array of degrees with fields: level, field, university, year, country. Only include information about the target person.",High-level Advisory Body on Artificial Intelligence,"{""level"": ""Doctorate (implied)"", ""field"": ""Computer Science (Informatique)"", ""university"": ""Not verifiable in gathered sources"", ""year"": ""—"", ""country"": ""—""}"
"Extract the target person's education history as JSON.
Target person: Sharad Sharma
Return a JSON array of degrees with fields: level, field, university, year, country. Only include information about the target person.",High-level Advisory Body on Artificial Intelligence,"{""level"": ""BE (Bachelor of Engineering)"", ""field"": ""Electrical Engineering"", ""university"": ""Delhi College of Engineering"", ""year"": ""1982–1986"", ""country"": ""India""}"
"Extract the target person's education history as JSON.
Target person: Silvio Savarese
Return a JSON array of degrees with fields: level, field, university, year, country. Only include information about the target person.",IISP,"{""level"": ""Laurea (magna cum laude)"", ""field"": ""Electrical Engineering"", ""university"": ""University of Naples Federico II"", ""year"": ""1999"", ""country"": ""Italy""}"
"Extract the target person's education history as JSON.
Target person: Silvio Savarese
Return a JSON array of degrees with fields: level, field, university, year, country. Only include information about the target person.",IISP,"{""level"": ""PhD"", ""field"": ""Electrical Engineering (dissertation: \""3D Object Reconstruction from Shadows and Reflections\"")"", ""university"": ""California Institute of Technology"", ""year"": ""2005"", ""country"": ""USA""}"
"Extract the target person's education history as JSON.
Target person: Sonia Livingstone
Return a JSON array of degrees with fields: level, field, university, year, country. Only include information about the target person.",IISP,"{""level"": ""BSc (First Class Honours)"", ""field"": ""Psychology"", ""university"": ""University College London"", ""year"": ""1982"", ""country"": ""UK""}"
"Extract the target person's education history as JSON.
Target person: Sonia Livingstone
Return a JSON array of degrees with fields: level, field, university, year, country. Only include information about the target person.",IISP,"{""level"": ""DPhil"", ""field"": ""Psychology (thesis: \""Social Knowledge and Programme Structure in Representations of Television Characters,\"" supervised by Michael Argyle)"", ""university"": ""University of Oxford"", ""year"": ""1987"", ""country"": ""UK""}"
"Extract the target person's education history as JSON.
Target person: Tegawendé Bissyandé
Return a JSON array of degrees with fields: level, field, university, year, country. Only include information about the target person.",IISP,"{""level"": ""Engineering (Telecom Software Engineer)"", ""field"": ""Telecommunications"", ""university"": ""ENSEIRB"", ""year"": ""2009 (June)"", ""country"": ""France""}"
"Extract the target person's education history as JSON.
Target person: Tegawendé Bissyandé
Return a JSON array of degrees with fields: level, field, university, year, country. Only include information about the target person.",IISP,"{""level"": ""Master of Science"", ""field"": ""Software Engineering"", ""university"": ""University of Bordeaux"", ""year"": ""2009 (September)"", ""country"": ""France""}"
"Extract the target person's education history as JSON.
Target person: Tegawendé Bissyandé
Return a JSON array of degrees with fields: level, field, university, year, country. Only include information about the target person.",IISP,"{""level"": ""PhD"", ""field"": ""Computer Science"", ""university"": ""University of Bordeaux"", ""year"": ""2013 (March)"", ""country"": ""France""}"
"Extract the target person's education history as JSON.
Target person: Teresa Ludermir
Return a JSON array of degrees with fields: level, field, university, year, country. Only include information about the target person.",IISP,"{""level"": ""BSc"", ""field"": ""Computer Science"", ""university"": ""UFPE"", ""year"": ""1983 (inferred from \""Distinction Magna cum Laude in Computer Science, UFPE (1983)\"")"", ""country"": ""Brazil""}"
"Extract the target person's education history as JSON.
Target person: Teresa Ludermir
Return a JSON array of degrees with fields: level, field, university, year, country. Only include information about the target person.",IISP,"{""level"": ""MSc — likely a single degree described two different ways, not two separate Master's"", ""field"": ""Computer Science (per one source) / Artificial Intelligence (per another)"", ""university"": ""UFPE"", ""year"": ""Not stated (gap)"", ""country"": ""Brazil""}"
"Extract the target person's education history as JSON.
Target person: Teresa Ludermir
Return a JSON array of degrees with fields: level, field, university, year, country. Only include information about the target person.",IISP,"{""level"": ""PhD — likely a single degree described three different ways, not two separate PhDs"", ""field"": ""\""Artificial Intelligence\"" (per cin.ufpe.br) / \""Neural Networks\"" (per ai.cin.ufpe.br) / \""Computer Science\"" (per CORE Academy)"", ""university"": ""Imperial College (of Science, Technology and Medicine) London"", ""year"": ""1990"", ""country"": ""UK""}"
"Extract the target person's education history as JSON.
Target person: Tuka Alhanai
Return a JSON array of degrees with fields: level, field, university, year, country. Only include information about the target person.",IISP,"{""level"": ""B.Sc."", ""field"": ""Electrical Engineering"", ""university"": ""Petroleum Institute (Abu Dhabi)"", ""year"": ""Not stated (gap)"", ""country"": ""UAE""}"
"Extract the target person's education history as JSON.
Target person: Tuka Alhanai
Return a JSON array of degrees with fields: level, field, university, year, country. Only include information about the target person.",IISP,"{""level"": ""MS — new fact, missing from the existing biography entirely"", ""field"": ""Electrical Engineering and Computer Science"", ""university"": ""MIT"", ""year"": ""Not stated (gap)"", ""country"": ""USA""}"
"Extract the target person's education history as JSON.
Target person: Tuka Alhanai
Return a JSON array of degrees with fields: level, field, university, year, country. Only include information about the target person.",IISP,"{""level"": ""PhD"", ""field"": ""Electrical Engineering and Computer Science"", ""university"": ""MIT"", ""year"": ""2019"", ""country"": ""USA""}"
"Extract the target person's education history as JSON.
Target person: Vilas Dhar
Return a JSON array of degrees with fields: level, field, university, year, country. Only include information about the target person.",High-level Advisory Body on Artificial Intelligence,"{""level"": ""BA + BS"", ""field"": ""Biomedical Engineering; Computer Science"", ""university"": ""University of Illinois Urbana–Champaign"", ""year"": ""—"", ""country"": ""USA""}"
"Extract the target person's education history as JSON.
Target person: Vilas Dhar
Return a JSON array of degrees with fields: level, field, university, year, country. Only include information about the target person.",High-level Advisory Body on Artificial Intelligence,"{""level"": ""Master (MPA)"", ""field"": ""Public Administration"", ""university"": ""Harvard Kennedy School"", ""year"": ""2016"", ""country"": ""USA""}"
"Extract the target person's education history as JSON.
Target person: Vilas Dhar
Return a JSON array of degrees with fields: level, field, university, year, country. Only include information about the target person.",High-level Advisory Body on Artificial Intelligence,"{""level"": ""J.D. (professional doctorate — terminal)"", ""field"": ""Law"", ""university"": ""New York University School of Law"", ""year"": ""—"", ""country"": ""USA""}"
"Extract the target person's education history as JSON.
Target person: Vipin Kumar
Return a JSON array of degrees with fields: level, field, university, year, country. Only include information about the target person.",IISP,"{""level"": ""B.E. (Bachelor's Degree)"", ""field"": ""Electronics Engineering"", ""university"": ""Indian Institute of Technology Roorkee"", ""year"": ""1977 (per ResearchGate; oral history doesn't give a year)"", ""country"": ""India""}"
"Extract the target person's education history as JSON.
Target person: Vipin Kumar
Return a JSON array of degrees with fields: level, field, university, year, country. Only include information about the target person.",IISP,"{""level"": ""Master's Degree — not in the existing biography; likely correction needed"", ""field"": ""Electronics Engineering"", ""university"": ""Philips International Institute, The Netherlands"", ""year"": ""1979"", ""country"": ""Netherlands""}"
"Extract the target person's education history as JSON.
Target person: Vipin Kumar
Return a JSON array of degrees with fields: level, field, university, year, country. Only include information about the target person.",IISP,"{""level"": ""PhD"", ""field"": ""Computer Science"", ""university"": ""University of Maryland, College Park"", ""year"": ""1982 (started 1979)"", ""country"": ""USA""}"
"Extract the target person's education history as JSON.
Target person: Virginia Dignum
Return a JSON array of degrees with fields: level, field, university, year, country. Only include information about the target person.",High-level Advisory Body on Artificial Intelligence,"{""level"": ""PhD"", ""field"": ""Computer Science / Artificial Intelligence (agent-based organizational systems)"", ""university"": ""Utrecht University"", ""year"": ""2004"", ""country"": ""Netherlands""}"
"Extract the target person's education history as JSON.
Target person: Vukosi Marivate
Return a JSON array of degrees with fields: level, field, university, year, country. Only include information about the target person.",IISP,"{""level"": ""BSc"", ""field"": ""Electrical Engineering (Information Option)"", ""university"": ""University of the Witwatersrand"", ""year"": ""2004 (per Wikipedia; not independently re-confirmed)"", ""country"": ""South Africa""}"
"Extract the target person's education history as JSON.
Target person: Vukosi Marivate
Return a JSON array of degrees with fields: level, field, university, year, country. Only include information about the target person.",IISP,"{""level"": ""MSc"", ""field"": ""Electrical Engineering"", ""university"": ""University of the Witwatersrand"", ""year"": ""2008 (per Wikipedia; not independently re-confirmed)"", ""country"": ""South Africa""}"
"Extract the target person's education history as JSON.
Target person: Vukosi Marivate
Return a JSON array of degrees with fields: level, field, university, year, country. Only include information about the target person.",IISP,"{""level"": ""PhD"", ""field"": ""Computer Science"", ""university"": ""Rutgers University"", ""year"": ""Started 2009; ORCID indicates completion January 2015, not 2009 as currently listed"", ""country"": ""USA""}"
"Extract the target person's education history as JSON.
Target person: Wendy Hall
Return a JSON array of degrees with fields: level, field, university, year, country. Only include information about the target person.",High-level Advisory Body on Artificial Intelligence,"{""level"": ""BSc"", ""field"": ""Mathematics"", ""university"": ""University of Southampton"", ""year"": ""1974"", ""country"": ""United Kingdom""}"
"Extract the target person's education history as JSON.
Target person: Wendy Hall
Return a JSON array of degrees with fields: level, field, university, year, country. Only include information about the target person.",High-level Advisory Body on Artificial Intelligence,"{""level"": ""PhD"", ""field"": ""Mathematics (Pure Mathematics)"", ""university"": ""University of Southampton"", ""year"": ""1977"", ""country"": ""United Kingdom""}"
"Extract the target person's education history as JSON.
Target person: Wendy Hall
Return a JSON array of degrees with fields: level, field, university, year, country. Only include information about the target person.",High-level Advisory Body on Artificial Intelligence,"{""level"": ""MSc"", ""field"": ""Computing / Computer Science"", ""university"": ""City University London"", ""year"": ""1986"", ""country"": ""United Kingdom""}"
"Extract the target person's education history as JSON.
Target person: Yi Zeng
Return a JSON array of degrees with fields: level, field, university, year, country. Only include information about the target person.",High-level Advisory Body on Artificial Intelligence,"{""level"": ""Bachelor's"", ""field"": ""Computer Science / AI (foundational)"", ""university"": ""Beijing University of Technology (北京工业大学)"", ""year"": ""—"", ""country"": ""China""}"
"Extract the target person's education history as JSON.
Target person: Yi Zeng
Return a JSON array of degrees with fields: level, field, university, year, country. Only include information about the target person.",High-level Advisory Body on Artificial Intelligence,"{""level"": ""PhD (工学博士 / Doctor of Engineering)"", ""field"": ""Computer Science / Brain-inspired AI"", ""university"": ""Beijing University of Technology (北京工业大学), School of Computer Science"", ""year"": ""—"", ""country"": ""China""}"
"Extract the target person's education history as JSON.
Target person: Yoshua Bengio
Return a JSON array of degrees with fields: level, field, university, year, country. Only include information about the target person.",IISP,"{""level"": ""Bachelor's (B.Eng. per ACM/Wikipedia; \""BSc, Electrical Engineering\"" per CIFAR)"", ""field"": ""Computer engineering (ACM/Wikipedia) vs. Electrical Engineering (CIFAR)"", ""university"": ""McGill University"", ""year"": ""1986"", ""country"": ""Canada""}"
"Extract the target person's education history as JSON.
Target person: Yoshua Bengio
Return a JSON array of degrees with fields: level, field, university, year, country. Only include information about the target person.",IISP,"{""level"": ""MSc (per ACM/Wikipedia) / MEng (per CIFAR)"", ""field"": ""Computer science"", ""university"": ""McGill University"", ""year"": ""1988"", ""country"": ""Canada""}"
"Extract the target person's education history as JSON.
Target person: Yoshua Bengio
Return a JSON array of degrees with fields: level, field, university, year, country. Only include information about the target person.",IISP,"{""level"": ""PhD"", ""field"": ""Computer science"", ""university"": ""McGill University"", ""year"": ""1991"", ""country"": ""Canada""}"
"Extract the target person's education history as JSON.
Target person: Yutaka Matsuo
Return a JSON array of degrees with fields: level, field, university, year, country. Only include information about the target person.",IISP,"{""level"": ""Bachelor's — possibly the degree currently mislabeled as \""Master's\"" in the existing table"", ""field"": ""Electronics and Information Engineering"", ""university"": ""University of Tokyo (Faculty of Engineering)"", ""year"": ""1997"", ""country"": ""Japan""}"
"Extract the target person's education history as JSON.
Target person: Yutaka Matsuo
Return a JSON array of degrees with fields: level, field, university, year, country. Only include information about the target person.",IISP,"{""level"": ""PhD"", ""field"": ""Engineering (Electronic and Information Engineering)"", ""university"": ""University of Tokyo (Graduate School of Engineering)"", ""year"": ""2002 (March)"", ""country"": ""Japan""}"
"Extract the target person's education history as JSON.
Target person: Zhang Linghan
Return a JSON array of degrees with fields: level, field, university, year, country. Only include information about the target person.",High-level Advisory Body on Artificial Intelligence,"{""level"": ""PhD (博士)"", ""field"": ""Law"", ""university"": ""Jilin University (吉林大学)"", ""year"": ""—"", ""country"": ""China""}"
